patient_1_182,0.26277286823571355
patient_1_828,0.26277286823559265
patient_1_196,0.26277286823571355
patient_1_800,0.26277286823571355
patient_1_814,0.26277286823571355
patient_1_141,0.9999999999143443
patient_1_627,0.26277286823571355
patient_1_633,0.9999999999999699
patient_1_155,0.2622383710608946
patient_1_169,0.26277286823571355
patient_1_380,0.26277286823571355
patient_1_394,0.26277286823571355
patient_1_32,0.26277286823571355
patient_1_26,0.26277286823571355
patient_1_425,0.14797709415502727
patient_1_343,0.26277286823571355
patient_1_357,0.26277286823571355
patient_1_431,0.26277286823571355
patient_1_419,0.26281163011528813
patient_1_1,0.26277286823571355
patient_1_592,0.2627728079255459
patient_1_586,0.26277286823571355
patient_1_551,0.26277286823571355
patient_1_237,0.26277286823488444
patient_1_223,0.26277286823571355
patient_1_545,0.050775305188462745
patient_1_579,0.26277286823571355
patient_1_790,0.26277286758097806
patient_1_784,0.26277286823571355
patient_1_753,0.26247727958863015
patient_1_747,0.2627728681748504
patient_1_746,0.26277286823571355
patient_1_752,0.26277286823571355
patient_1_785,0.26277286784985016
patient_1_791,0.2627728682363111
patient_1_578,0.26277286823571355
patient_1_222,0.26277286823571355
patient_1_544,0.26277286823571355
patient_1_550,0.2602019302246733
patient_1_236,0.9999999997130369
patient_1_587,0.26277286823571355
patient_1_593,0.26277286823571355
patient_1_418,0.26277286823571355
patient_1_356,0.2627728344687346
patient_1_430,0.26277286823571355
patient_1_424,0.26277286823571355
patient_1_342,0.244217389869188
patient_1_27,0.9999999999885346
patient_1_33,0.26277286823571355
patient_1_395,0.2867836902810572
patient_1_381,0.26277286823571355
patient_1_168,0.2627728682356524
patient_1_632,0.26277286823571355
patient_1_154,0.26277286823571355
patient_1_140,0.9999999998611114
patient_1_626,0.26277286823571355
patient_1_815,0.26277283670092144
patient_1_801,0.26277286823571355
patient_1_829,0.26277286823571355
patient_1_197,0.9999999999998764
patient_1_183,0.11571783614901184
patient_1_195,0.26277286823571355
patient_1_181,0.9999999999999699
patient_1_817,0.26277286823571355
patient_1_803,0.26277286823571355
patient_1_156,0.26277286823571355
patient_1_630,0.2627728682345571
patient_1_624,0.26277286823571355
patient_1_142,0.26277286823571355
patient_1_618,0.2545434888403382
patient_1_19,0.26277286823571355
patient_1_397,0.26277286823571355
patient_1_383,0.26277286823571355
patient_1_25,0.26277286823571355
patient_1_31,0.26277286823570395
patient_1_432,0.26277286823571355
patient_1_354,0.26277286597283733
patient_1_340,0.26277286823571355
patient_1_426,0.26277286823571355
patient_1_2,0.26277286823571355
patient_1_368,0.26277286823571355
patient_1_585,0.2615244202628591
patient_1_591,0.25300996534090114
patient_1_546,0.26277286823571344
patient_1_220,0.26047712428675723
patient_1_234,0.9783090465517461
patient_1_552,0.08423821054298211
patient_1_208,0.26277286823571355
patient_1_787,0.26277286823571355
patient_1_793,0.7656304827006953
patient_1_744,0.26277286823571355
patient_1_750,0.26277286823571355
patient_1_778,0.26277286823544604
patient_1_779,0.25208780646356044
patient_1_751,0.26277286823571355
patient_1_745,0.26277286823571355
patient_1_792,0.2627728421599186
patient_1_786,0.26277286823571355
patient_1_209,0.26277286823571355
patient_1_235,0.26277286823571355
patient_1_553,0.26277286823571355
patient_1_547,0.26277286823571355
patient_1_221,0.26277286823571355
patient_1_590,0.9999999999952397
patient_1_584,0.26277286823571355
patient_1_3,0.26277286823571355
patient_1_369,0.26277286823491347
patient_1_341,0.06186319265335121
patient_1_427,0.26277286823571355
patient_1_433,0.26277286823571355
patient_1_355,0.26277286823571355
patient_1_30,0.16811097331749889
patient_1_24,0.26277286823571355
patient_1_382,0.26277286823571355
patient_1_396,0.26277286823571355
patient_1_18,0.26277286823571355
patient_1_619,0.2627728680758382
patient_1_625,0.26277286823571355
patient_1_143,0.26277286823571355
patient_1_157,0.2627728673064001
patient_1_631,2.134263239788679e-07
patient_1_802,0.26277286823571355
patient_1_816,0.2563865103611768
patient_1_180,0.14890726720290204
patient_1_194,0.9459643427424311
patient_1_812,0.26277286823571355
patient_1_806,0.26277286823571355
patient_1_190,0.2627728682357128
patient_1_184,0.2627186199029141
patient_1_609,0.26277286823571355
patient_1_635,0.2627728630743331
patient_1_153,0.999999999979998
patient_1_147,0.26277286823571355
patient_1_621,0.26277286823571355
patient_1_20,0.26277286823571355
patient_1_34,0.26277286823571355
patient_1_392,0.2627728681686322
patient_1_386,0.26277286823571355
patient_1_7,0.26277286823571355
patient_1_379,0.26277286823571355
patient_1_351,0.26277286823571355
patient_1_437,0.26277286823571355
patient_1_423,0.26277286823571355
patient_1_345,0.26277286823571355
patient_1_580,0.26277286823571355
patient_1_594,0.26277286601875594
patient_1_219,0.26277286823571355
patient_1_225,0.262772868235713
patient_1_543,0.9999999999644589
patient_1_557,0.26277286823571355
patient_1_231,0.26277286823571355
patient_1_782,0.26277286823571355
patient_1_796,0.2627727833553614
patient_1_769,0.26212928480934855
patient_1_741,0.26277286823571355
patient_1_755,0.26277286823571355
patient_1_754,0.9999999999964224
patient_1_740,0.1936142778172788
patient_1_768,0.9999999999999699
patient_1_797,0.26277286823571355
patient_1_783,0.26277286823571355
patient_1_556,0.9489552305293446
patient_1_230,0.26277286823571355
patient_1_224,0.26277286823571355
patient_1_542,0.2583722285241319
patient_1_218,0.26277286823571355
patient_1_595,0.26277286823571355
patient_1_581,0.26277286823571355
patient_1_422,0.2627728682356854
patient_1_344,0.08233980509254553
patient_1_350,0.1840675411133343
patient_1_436,0.26277286823571355
patient_1_378,0.26268196281288264
patient_1_6,0.26277286823571355
patient_1_387,0.9999999999999699
patient_1_393,0.038025663262558504
patient_1_35,0.262772868235529
patient_1_21,0.21708318266018095
patient_1_146,0.9370570505689263
patient_1_620,0.26277286823571355
patient_1_634,0.26277286823571355
patient_1_152,0.2627728682357003
patient_1_608,0.26277286823571355
patient_1_185,0.26277286823571355
patient_1_191,0.26277286823571355
patient_1_807,0.26277286823539064
patient_1_813,0.26277286823571355
patient_1_805,0.26277286823571355
patient_1_811,0.26277286823571355
patient_1_839,0.26277286823571355
patient_1_187,0.26277286823571355
patient_1_193,0.26277286823571355
patient_1_178,0.26277286823571355
patient_1_622,0.26277286823571355
patient_1_144,0.26277286823571355
patient_1_150,0.9999999937537198
patient_1_636,0.26277286823571355
patient_1_37,0.26277286823558765
patient_1_23,0.26277286823571355
patient_1_385,0.26277286823571355
patient_1_391,1.0000000994736041e-07
patient_1_408,0.26277286823571355
patient_1_4,0.26277286823571355
patient_1_346,0.9999999927348943
patient_1_420,0.26277286823571355
patient_1_434,0.26277286823571355
patient_1_352,0.26277286823571355
patient_1_597,0.2627728681516926
patient_1_583,0.26277286823571355
patient_1_568,0.26277286823571355
patient_1_232,0.26277286823571355
patient_1_554,0.26277286823571355
patient_1_540,0.26277286823571355
patient_1_226,0.26277286823571355
patient_1_795,0.26277286823571355
patient_1_781,0.2627888501712721
patient_1_756,0.262772868068074
patient_1_742,0.26277286823571355
patient_1_743,0.26277286823571355
patient_1_757,0.26277286823571355
patient_1_780,0.26277286823571355
patient_1_794,0.2627728677464207
patient_1_541,0.26277286823571355
patient_1_227,0.26277286823571355
patient_1_233,0.0002870963734589832
patient_1_555,0.26277286823571355
patient_1_569,0.018366916338776056
patient_1_582,0.26277286823571355
patient_1_596,0.2627728683214827
patient_1_435,0.26277286823571355
patient_1_353,0.26277286823571355
patient_1_347,0.26277286823571355
patient_1_421,0.26277286823571355
patient_1_5,0.26277286823571355
patient_1_409,0.26277286823571355
patient_1_390,0.26277286823571355
patient_1_384,0.26277286823571355
patient_1_22,0.25868315389898505
patient_1_36,0.995468620170752
patient_1_151,0.26277286823571355
patient_1_637,0.26277286823571355
patient_1_623,0.26277286823571355
patient_1_145,0.26277286823571316
patient_1_179,0.26277286823571355
patient_1_192,1.0000000994736041e-07
patient_1_838,0.2627728682322322
patient_1_186,0.26277286823571355
patient_1_810,0.9999998639412468
patient_1_804,0.2627727554507912
patient_1_687,0.26277286823571355
patient_1_693,0.011457463055757823
patient_1_863,0.26277286823571355
patient_1_877,0.25611586615276627
patient_1_644,0.26277286823571355
patient_1_122,0.26277286823571355
patient_1_136,0.26277286823571355
patient_1_888,0.26277286819897844
patient_1_650,0.26277286823571355
patient_1_678,0.26277286823571355
patient_1_485,0.259964359038522
patient_1_491,1.8437161488420632e-07
patient_1_79,0.26277286464886856
patient_1_51,0.26277286823571355
patient_1_45,1.5330917596942504e-05
patient_1_320,0.26277286823571355
patient_1_446,0.26277286823571355
patient_1_452,0.2627728682350161
patient_1_334,0.26277286823571355
patient_1_92,0.26277286823571355
patient_1_308,0.26277286823571355
patient_1_86,0.26277286823571355
patient_1_297,0.26277286823571355
patient_1_283,0.26277286823571355
patient_1_254,0.26277286823571355
patient_1_532,0.26277286823571355
patient_1_526,0.016882261767071645
patient_1_240,0.26248421102822633
patient_1_268,0.26277286823571355
patient_1_917,0.26277286823571355
patient_1_903,0.26277286823571355
patient_1_730,0.26277286823571355
patient_1_724,0.26277286823571355
patient_1_718,0.26277286823571355
patient_1_719,0.26277286823571355
patient_1_725,0.9999999999999699
patient_1_731,0.26277286823571355
patient_1_902,0.26277286823571355
patient_1_916,0.2631706838958152
patient_1_269,0.26277286823571355
patient_1_527,0.26277286823571355
patient_1_241,0.26277286823571355
patient_1_255,0.26277286625705687
patient_1_533,0.26277286823571355
patient_1_282,0.26277286823571355
patient_1_296,0.26277286351371293
patient_1_87,0.26277286823571355
patient_1_309,0.26277286825512775
patient_1_93,0.26277286823571355
patient_1_453,0.26277286823571355
patient_1_335,0.26277286823571355
patient_1_321,0.26277286823571355
patient_1_447,0.26277286823571355
patient_1_44,0.26277286823571355
patient_1_50,0.26277286823571355
patient_1_490,0.22855073203127077
patient_1_78,0.26277286823571355
patient_1_484,0.12594535394879905
patient_1_679,0.26277286823571355
patient_1_137,0.16652322526651994
patient_1_651,0.26277286374176967
patient_1_889,0.26277286823571355
patient_1_645,0.2627728669934696
patient_1_123,0.26277110028987055
patient_1_876,0.9999999997411657
patient_1_862,0.26277286823571355
patient_1_692,0.262772867774729
patient_1_686,0.26277286823571355
patient_1_690,0.26277286823571355
patient_1_848,0.26277286823571355
patient_1_684,0.9999999999999699
patient_1_874,0.26277286823571355
patient_1_860,0.20034444774601395
patient_1_653,0.9999999999974343
patient_1_135,0.999999987656339
patient_1_121,0.26277286823571355
patient_1_647,0.26277286823571355
patient_1_109,0.26127848544050986
patient_1_492,0.26277286823571355
patient_1_486,0.26277286823571355
patient_1_46,0.2627728152113794
patient_1_52,0.26277286823571355
patient_1_337,0.2608868963679098
patient_1_451,0.26277286823571355
patient_1_445,0.2622434572092365
patient_1_323,0.26277286823571355
patient_1_85,0.26277286823571355
patient_1_479,0.2627728682286099
patient_1_91,0.26272322582161706
patient_1_280,0.9999999986519348
patient_1_294,0.26277286823571355
patient_1_243,0.26277286823571355
patient_1_525,0.2627728682357123
patient_1_531,0.26277276433318636
patient_1_257,0.9999999619888086
patient_1_519,0.26277286823571355
patient_1_928,0.26277286823571355
patient_1_900,0.26277285461698224
patient_1_914,0.26277286823571355
patient_1_727,0.26277286823571355
patient_1_733,0.26277286823571355
patient_1_732,0.26277286823571355
patient_1_726,0.26277286521363424
patient_1_915,0.26277286823571355
patient_1_901,0.26277286823571355
patient_1_929,0.26277286823571355
patient_1_518,0.26277286823571355
patient_1_530,0.26277286823571355
patient_1_256,0.06117284224252888
patient_1_242,0.26277286823571355
patient_1_524,0.232967865183213
patient_1_295,0.17395388486687027
patient_1_281,0.2606104657725235
patient_1_478,0.26277286823571355
patient_1_90,0.06686841076540644
patient_1_84,0.26277286823571355
patient_1_444,0.26277286823571355
patient_1_322,0.26277286823571355
patient_1_336,0.26277286823571355
patient_1_450,0.26277286823571355
patient_1_53,0.26277286823571355
patient_1_47,0.26277286823571355
patient_1_487,0.26277286823571355
patient_1_493,0.26277286823571355
patient_1_108,0.2629344041198468
patient_1_120,0.08745584622944272
patient_1_646,0.26277278938049164
patient_1_652,0.26181967762245534
patient_1_134,0.26277286823571355
patient_1_861,0.26277286823571355
patient_1_875,0.26041725489232703
patient_1_685,0.2617794515989708
patient_1_849,0.26277286823571355
patient_1_691,0.26277286823571355
patient_1_871,0.26277286823571355
patient_1_865,0.26277286823571355
patient_1_695,0.26277286823569335
patient_1_681,0.9999999993809255
patient_1_859,0.26277286823571355
patient_1_118,0.26277286823571355
patient_1_130,0.26277286823571355
patient_1_656,0.26277286823571355
patient_1_642,0.2627306364869507
patient_1_124,0.26277286823571355
patient_1_43,0.2546557743236466
patient_1_57,0.26277286823571355
patient_1_497,0.26277286823571355
patient_1_483,0.2626765835730467
patient_1_468,0.26277286823571355
patient_1_80,0.2627728682284359
patient_1_94,0.26277286823571355
patient_1_454,0.26277286823571355
patient_1_332,0.26277286823422497
patient_1_326,0.26277286823571355
patient_1_440,0.26277286823571355
patient_1_285,0.13820405350238268
patient_1_291,0.2627728682355205
patient_1_508,1.290656614506659e-05
patient_1_520,0.0961069301574129
patient_1_246,0.656064829055209
patient_1_252,0.26277286823571355
patient_1_534,0.26277286823571355
patient_1_905,0.26277286823571355
patient_1_911,0.2627728682357059
patient_1_722,0.26277286823571355
patient_1_736,0.2511868282039145
patient_1_737,0.26277286823571355
patient_1_723,0.26277286823571355
patient_1_910,0.09895914638925005
patient_1_904,1.0000000994736041e-07
patient_1_253,0.26277286823571355
patient_1_535,0.26277286823375956
patient_1_521,0.26277286823571355
patient_1_247,0.26277286823571355
patient_1_509,0.26277286823571355
patient_1_290,0.26277286823571355
patient_1_284,0.26277286823571355
patient_1_327,0.9999999999946003
patient_1_441,0.26277286823571355
patient_1_455,0.26277286823571355
patient_1_333,0.9999924532941944
patient_1_95,0.26277286823571355
patient_1_469,0.26277286823571355
patient_1_81,0.2578094949072586
patient_1_482,0.26277286823571355
patient_1_496,0.262444389151758
patient_1_56,0.26277286823571355
patient_1_42,0.26277285274101186
patient_1_643,0.9999999999550483
patient_1_125,0.26277286823571355
patient_1_131,0.26277286823571355
patient_1_657,0.26277286823571355
patient_1_119,0.2622099305550874
patient_1_858,0.26277286823571355
patient_1_680,0.339519501743833
patient_1_694,0.2627723525425056
patient_1_864,0.26277286823571355
patient_1_870,0.26277286823571355
patient_1_866,0.26277286823571355
patient_1_872,0.26277286823571355
patient_1_682,0.26277286823571355
patient_1_696,0.26277286823571355
patient_1_669,0.29859583690502706
patient_1_127,0.2627728682357104
patient_1_899,0.26277286823571355
patient_1_641,0.26277278339548854
patient_1_655,0.26277286823571355
patient_1_133,0.26277286823571355
patient_1_54,0.26277286823571355
patient_1_40,0.26277286823571355
patient_1_480,0.26277286823571355
patient_1_68,0.9999999999794777
patient_1_494,0.2627728682338219
patient_1_97,0.2627728638364103
patient_1_319,0.26277286823571355
patient_1_83,0.26053242775500396
patient_1_443,0.26277286823571355
patient_1_325,0.2626540813880473
patient_1_331,0.26277286823571355
patient_1_457,0.26277286823571355
patient_1_292,0.2617821418442568
patient_1_286,0.9598929938370856
patient_1_279,0.26277286823571355
patient_1_537,0.26277286823571355
patient_1_251,1.0000000994736041e-07
patient_1_245,0.2627726548534797
patient_1_523,0.26271802340401995
patient_1_912,1.0000000994736041e-07
patient_1_906,0.26277286823571355
patient_1_709,0.26277286823571355
patient_1_735,0.26277286823571355
patient_1_721,0.26277286823571355
patient_1_720,0.26277286823571355
patient_1_734,0.26277286823571355
patient_1_708,0.05142220137561524
patient_1_907,0.26277286823135126
patient_1_913,0.26277286823986007
patient_1_244,0.2627613198317367
patient_1_522,0.26277286823571355
patient_1_536,0.9999999999503828
patient_1_250,0.26277286823571355
patient_1_278,0.26277286823571355
patient_1_287,0.48178871390052264
patient_1_293,0.26277286823571355
patient_1_330,0.26275362819128156
patient_1_456,0.26277286823571355
patient_1_442,0.26277286823571355
patient_1_324,0.9999999999119724
patient_1_82,0.26277286823564633
patient_1_318,0.26277286823571355
patient_1_96,0.26277286823571366
patient_1_495,0.26277286823571355
patient_1_481,0.9999999999974463
patient_1_69,0.26277286823571355
patient_1_41,0.26277286823571355
patient_1_55,0.9999997874595148
patient_1_654,0.26277286823571355
patient_1_132,0.26277286823571355
patient_1_126,0.26277286823502344
patient_1_640,0.26277286823571355
patient_1_898,0.26277286823571355
patient_1_668,0.26277286823571355
patient_1_697,0.26277286823571355
patient_1_683,0.3732501969857811
patient_1_873,0.00013239878358408904
patient_1_867,0.26027555577272904
patient_1_842,0.26277286823571355
patient_1_856,0.5405900276919493
patient_1_665,0.26277286823571355
patient_1_103,1.0000000994736041e-07
patient_1_117,0.26277286823571355
patient_1_671,0.26277286823571355
patient_1_881,0.26277286823571355
patient_1_659,1.8710637063894825e-06
patient_1_895,0.2607869165917126
patient_1_58,0.26277286823571355
patient_1_70,0.26277286823571355
patient_1_498,0.26277286823571355
patient_1_64,0.26277286823571355
patient_1_301,0.26277286823571355
patient_1_467,0.26277286823571355
patient_1_473,0.2627044544004824
patient_1_315,0.26277286823571355
patient_1_329,0.26277286823571355
patient_1_275,0.26277286823571355
patient_1_513,0.26277286823571355
patient_1_507,0.9999999999999699
patient_1_261,0.26277286823571355
patient_1_249,0.26277286823571355
patient_1_922,0.26277286521339144
patient_1_711,0.26277286823571355
patient_1_705,0.07531821136209223
patient_1_739,0.14112249620478737
patient_1_738,0.26275240371546404
patient_1_704,0.26277286823571355
patient_1_710,0.9999999999908042
patient_1_923,0.263512538702945
patient_1_248,0.26277286823571355
patient_1_506,0.26277286823571355
patient_1_260,0.1520826377565358
patient_1_274,0.2627728682357123
patient_1_512,0.26277286823571355
patient_1_328,0.26277286823571355
patient_1_472,0.03632652348067533
patient_1_314,0.26277286823571355
patient_1_300,0.26277286823571355
patient_1_466,0.26277286823571355
patient_1_65,0.13545171836120895
patient_1_71,0.26277286823571355
patient_1_499,0.26277286823571355
patient_1_59,0.26277285631024266
patient_1_894,0.26277286823571355
patient_1_658,0.26277286823571355
patient_1_880,0.9999999708724853
patient_1_116,0.26277286823571355
patient_1_670,0.26277286823571355
patient_1_664,0.26209719258899333
patient_1_102,0.984128977338687
patient_1_857,0.26277286823571355
patient_1_843,0.26277286823571355
patient_1_869,0.2634953046581045
patient_1_855,0.26277284324845657
patient_1_699,0.999999999999892
patient_1_841,0.26277286823571355
patient_1_672,0.26277286823571355
patient_1_114,0.4074190950503409
patient_1_100,0.26277286823731405
patient_1_666,0.26277286823571355
patient_1_896,0.26277286823571355
patient_1_128,0.923562481978734
patient_1_882,0.26277286823571355
patient_1_67,0.26277286823571355
patient_1_73,0.26277286823571355
patient_1_316,0.26277286823571355
patient_1_98,0.26277286823571355
patient_1_470,0.26277286823571355
patient_1_464,0.26277286823571355
patient_1_302,0.26277286823571355
patient_1_458,0.2627210573687003
patient_1_289,0.26277286823571355
patient_1_262,0.26277286823571355
patient_1_504,0.2627728638893302
patient_1_510,0.9999999999999699
patient_1_276,0.2627718899777791
patient_1_538,0.26277286823571355
patient_1_909,0.99999999918649
patient_1_921,0.2625899655798087
patient_1_706,0.26277286823571355
patient_1_712,0.06087776779306633
patient_1_713,0.26277286823571344
patient_1_707,0.26277286823571355
patient_1_920,0.26277286823571355
patient_1_908,0.26277286823571355
patient_1_539,0.262772868238977
patient_1_511,0.26277286823571355
patient_1_277,0.26277286823571355
patient_1_263,0.26277286823571355
patient_1_505,0.26277286382896053
patient_1_288,0.26276519517905256
patient_1_459,0.26277286823571355
patient_1_465,0.2625448602920281
patient_1_303,0.26277286823571355
patient_1_99,0.694878334745429
patient_1_317,0.26277286823571355
patient_1_471,0.06082257046745485
patient_1_72,0.2627725887755596
patient_1_66,0.26277286823571355
patient_1_883,0.26277286823571355
patient_1_897,0.26277286823571355
patient_1_129,0.2627728682121227
patient_1_101,0.26277286823571355
patient_1_667,0.26277286823571355
patient_1_673,0.26277286823571355
patient_1_115,0.2624982853985753
patient_1_840,0.10799271676242496
patient_1_698,0.2627728499042736
patient_1_854,0.26277286823571355
patient_1_868,0.26277286823571355
patient_1_688,0.2624811140400598
patient_1_850,0.2627183564627737
patient_1_844,0.26277286823571355
patient_1_878,0.26277286823571355
patient_1_893,0.9864487505004433
patient_1_887,0.9999999999999699
patient_1_139,0.26277286823571067
patient_1_111,0.26277286823567914
patient_1_677,0.26277286823571355
patient_1_663,0.9999999977363552
patient_1_105,0.26277286823571355
patient_1_62,0.26277286823571355
patient_1_76,0.26277286821080503
patient_1_449,0.26277286823571355
patient_1_475,0.9999999999999699
patient_1_313,0.26277286823571355
patient_1_89,0.26277286823571355
patient_1_307,0.26277286823571355
patient_1_461,0.26277286823571355
patient_1_298,0.26277286823571355
patient_1_529,0.26277286823571355
patient_1_501,0.26277286823570273
patient_1_267,6.221712594571164e-06
patient_1_273,0.9999999999999699
patient_1_515,0.26277286823571355
patient_1_924,0.26277286823571355
patient_1_930,0.6965825266200557
patient_1_918,1.0000000994736041e-07
patient_1_703,0.26277286794224985
patient_1_717,0.26277286823571355
patient_1_716,0.26277286823571355
patient_1_702,0.2627063392766598
patient_1_919,0.26277286823571355
patient_1_931,0.0488099950812236
patient_1_925,0.26277286823571355
patient_1_272,0.26277286585522897
patient_1_514,0.26277286823571355
patient_1_500,0.26277286823571355
patient_1_266,0.26277286823571355
patient_1_528,0.26277286823571355
patient_1_299,0.26277286823571355
patient_1_306,0.26277286823571355
patient_1_88,0.26277286823571355
patient_1_460,0.26277286823571355
patient_1_474,0.9853667164801667
patient_1_312,0.26277286823571355
patient_1_448,0.7492618789403502
patient_1_77,0.26277286823571355
patient_1_63,0.9999999999999699
patient_1_662,0.26277286823571355
patient_1_104,0.26277285492877583
patient_1_110,0.26277286823571355
patient_1_676,0.26277286509900566
patient_1_886,0.2627724902117215
patient_1_138,0.26277286750123147
patient_1_892,0.26277286823571355
patient_1_879,0.26277286823571355
patient_1_845,0.26277286823571355
patient_1_851,0.26277286823571255
patient_1_689,0.9999999941227714
patient_1_847,0.2627728248168688
patient_1_853,0.26277286823571355
patient_1_884,0.26277286513234116
patient_1_890,0.9999999999949749
patient_1_648,0.26277286823571355
patient_1_106,0.26277286823571355
patient_1_660,0.9999999995462607
patient_1_674,0.26277286823571355
patient_1_112,0.26277286823571355
patient_1_75,0.08068432629830102
patient_1_61,0.26277286823571355
patient_1_489,7.097128298203078e-07
patient_1_49,0.26277286823571355
patient_1_338,0.26277284490126124
patient_1_462,0.09057619160680119
patient_1_304,0.26277286823571355
patient_1_310,0.0008385026427594458
patient_1_476,0.26277286823571355
patient_1_258,0.01619105491469731
patient_1_516,0.26277286823571355
patient_1_270,0.02593118247139524
patient_1_264,0.26277286823571355
patient_1_502,0.2627728688639426
patient_1_927,0.26277286823571355
patient_1_728,0.26277286823571355
patient_1_714,0.2627729771727147
patient_1_700,0.26277286823571355
patient_1_701,0.26277286823571355
patient_1_715,0.26277286823571355
patient_1_729,0.26277286823571355
patient_1_926,0.26277286823571355
patient_1_265,0.26277286823985857
patient_1_503,0.060630061645173226
patient_1_517,0.9930690997327118
patient_1_271,0.26277286823571355
patient_1_259,0.26277286823571355
patient_1_311,0.2626945832059946
patient_1_477,0.00022116413033206078
patient_1_463,0.26277286823571355
patient_1_305,0.26277286823571355
patient_1_339,0.26277286823571355
patient_1_48,0.26277279971737083
patient_1_60,0.9999999999994725
patient_1_488,0.26277262314988503
patient_1_74,0.2627722036001113
patient_1_675,0.26277286823571355
patient_1_113,0.26277286823571355
patient_1_107,0.06920222255676821
patient_1_661,0.26277286823571355
patient_1_649,0.26277286823571355
patient_1_891,0.26277286823571355
patient_1_885,0.262771743558595
patient_1_852,0.9999999999999699
patient_1_846,0.26223241124902325
patient_1_809,0.26277286823571355
patient_1_821,0.2627728654820655
patient_1_835,0.26277286823571355
patient_1_160,0.26277286823571355
patient_1_606,0.26277281151514165
patient_1_612,0.26277286823571355
patient_1_174,0.999999999858849
patient_1_148,0.26277286823571355
patient_1_13,0.2303275924140661
patient_1_389,0.26277286823571355
patient_1_8,0.26277286823571355
patient_1_404,0.999999999993913
patient_1_362,0.26277286823571355
patient_1_376,0.11893275791259715
patient_1_410,0.26277286823571355
patient_1_438,0.2627728682354902
patient_1_570,0.26277286823571355
patient_1_216,0.26277286823571355
patient_1_202,0.26277286823571355
patient_1_564,0.26125210093793566
patient_1_558,0.26277286823571355
patient_1_799,0.26277286823571355
patient_1_772,0.26277286823571355
patient_1_766,0.26277286823571355
patient_1_767,0.26276694656188
patient_1_773,0.26277286823571355
patient_1_798,0.9911116393708879
patient_1_559,0.26277286823571355
patient_1_203,0.26211907452462024
patient_1_565,0.26277286823571355
patient_1_571,0.26277286823571355
patient_1_217,0.26277286823571355
patient_1_439,0.26277286823571355
patient_1_377,0.2501130694374331
patient_1_411,0.9778912270384013
patient_1_405,0.24647775543060782
patient_1_9,0.26277286814380735
patient_1_363,0.26277286823571355
patient_1_388,0.26277286823571355
patient_1_12,0.9999999997867763
patient_1_149,0.26277286823571355
patient_1_613,0.9737050348743173
patient_1_175,0.26277286823571355
patient_1_161,0.26277286823571355
patient_1_607,0.2627727157741299
patient_1_834,0.2625190122374601
patient_1_820,0.26277286823571355
patient_1_808,0.26277286823571355
patient_1_188,0.2627728574017702
patient_1_836,0.26277286823571355
patient_1_822,0.26277286823571355
patient_1_177,1.0000000994736041e-07
patient_1_611,0.9999999999999699
patient_1_605,0.26277286823571355
patient_1_163,0.26277285984982146
patient_1_639,0.26304051562649117
patient_1_38,0.16528421920718156
patient_1_10,0.9999999931939505
patient_1_413,0.26277286823571355
patient_1_375,0.21790104331958474
patient_1_361,0.9838110519811286
patient_1_407,0.26250578717712186
patient_1_349,0.26277286823571355
patient_1_598,0.2627728633110312
patient_1_567,0.26277286816326667
patient_1_201,7.765296864458451e-05
patient_1_215,0.26277286823571355
patient_1_573,0.26277286823571355
patient_1_229,0.26277286823571355
patient_1_765,0.26277286823571355
patient_1_771,0.26277286823571355
patient_1_759,0.26277286823571355
patient_1_758,0.26277286823571355
patient_1_770,0.26277286823571355
patient_1_764,0.062276512785120225
patient_1_228,0.2627728681439326
patient_1_214,0.26277286823571355
patient_1_572,0.2608277210966531
patient_1_566,0.25124375762105683
patient_1_200,0.26277286823571355
patient_1_599,0.26277286823571355
patient_1_348,0.26277286823571355
patient_1_360,0.9999951638087987
patient_1_406,0.262772842171486
patient_1_412,0.26277286823571355
patient_1_374,0.26277286823571355
patient_1_11,0.9684739557130195
patient_1_39,0.26277286823571355
patient_1_638,0.2237548135854229
patient_1_604,0.26277286823571355
patient_1_162,0.26277286823571355
patient_1_176,0.26277286823571355
patient_1_610,0.26277286823571355
patient_1_823,0.26277286823571355
patient_1_189,0.26277286823571355
patient_1_837,0.23663713340891054
patient_1_833,0.26277286823571355
patient_1_199,0.26277286823571355
patient_1_827,0.26277286823571355
patient_1_628,0.26277286750866724
patient_1_614,0.26277286823571355
patient_1_172,0.9999999999834585
patient_1_166,0.26277286823571355
patient_1_600,0.26277286823571355
patient_1_15,0.26277286823571355
patient_1_29,0.26277286823571355
patient_1_358,0.26277286823571355
patient_1_370,0.9999999999999699
patient_1_416,0.26277286823571355
patient_1_402,0.26277286823571355
patient_1_364,0.26277286823571355
patient_1_589,0.26277286823571355
patient_1_238,0.26277286823571355
patient_1_204,0.26277286823571355
patient_1_562,0.26277286823571355
patient_1_576,0.26277286823571355
patient_1_210,0.283016313453432
patient_1_748,0.26277286823571355
patient_1_760,0.2627728682331249
patient_1_774,0.26268519335657825
patient_1_775,0.9999993532806897
patient_1_761,0.9999999999996435
patient_1_749,0.26277286823571355
patient_1_577,0.9999999999999699
patient_1_211,0.2627728664695823
patient_1_205,0.2627728886578224
patient_1_563,0.26277286823571355
patient_1_239,0.8146136844773323
patient_1_588,0.26277286823571355
patient_1_403,0.26277286823571355
patient_1_365,0.26277286823571355
patient_1_371,0.2627728682357103
patient_1_417,0.26277285151446916
patient_1_359,0.26277286823571355
patient_1_28,0.26277286823571355
patient_1_14,0.26277286823571355
patient_1_167,0.999999978638147
patient_1_601,0.26277286823571355
patient_1_615,0.26277286823571355
patient_1_173,0.1835257038853225
patient_1_629,0.26277286823571355
patient_1_198,0.26277286823571355
patient_1_826,0.26277286823571355
patient_1_832,0.2509487641247548
patient_1_824,0.26277286823571355
patient_1_830,0.26277286823571355
patient_1_818,0.26277150146861894
patient_1_159,0.26277286823571355
patient_1_603,0.26277286823571355
patient_1_165,0.26277286823571355
patient_1_171,0.9999999999999699
patient_1_617,0.26277286823571355
patient_1_398,0.26277286823571355
patient_1_16,0.26277286823571355
patient_1_429,0.26277286823571355
patient_1_367,0.26277286823571355
patient_1_401,0.26277256073105304
patient_1_415,0.9999996148218313
patient_1_373,0.26277286823571355
patient_1_549,0.2627728681474258
patient_1_213,0.26277286823571355
patient_1_575,0.2627728010780395
patient_1_561,0.26277286823571355
patient_1_207,0.26277286823571355
patient_1_788,0.26364375591643036
patient_1_777,0.26264864853179765
patient_1_763,0.0004478397898028279
patient_1_762,0.2359969595774447
patient_1_776,0.9999999991854551
patient_1_789,0.26277286823204804
patient_1_560,0.26277286823571355
patient_1_206,0.26277286565430696
patient_1_212,0.24491403745769424
patient_1_574,0.26203926910685593
patient_1_548,0.9999999999999699
patient_1_414,0.26277286823571355
patient_1_372,0.26277286823571355
patient_1_366,0.26277286823571355
patient_1_400,0.26277286823571355
patient_1_428,0.26277286823571355
patient_1_17,0.26277286823571355
patient_1_399,0.26277286823571355
patient_1_170,0.26277286823571355
patient_1_616,0.0644531380050354
patient_1_602,0.26277286823571144
patient_1_164,1.0000000994736041e-07
patient_1_158,0.26277286823571355
patient_1_819,0.26277286823571355
patient_1_831,0.2518789067422654
patient_1_825,0.26277286823571355
